<xml xmlns:s='uuid:BDC6E3F0-6DA3-11d1-A2A3-00AA00C14882'
	xmlns:dt='uuid:C2F41010-65B3-11d1-A29F-00AA00C14882'
	xmlns:rs='urn:schemas-microsoft-com:rowset'
	xmlns:z='#RowsetSchema'>
<s:Schema id='RowsetSchema'>
	<s:ElementType name='row' content='eltOnly' rs:updatable='true'>
		<s:AttributeType name='CustomerID' rs:number='1' rs:nullable='true' rs:writeunknown='true' rs:basecatalog='Northwind'
			 rs:basetable='Orders' rs:basecolumn='CustomerID'>
			<s:datatype dt:type='string' dt:maxLength='5' rs:fixedlength='true'/>
		</s:AttributeType>
		<s:AttributeType name='OrderID' rs:number='2' rs:basecatalog='Northwind' rs:basetable='Orders' rs:basecolumn='OrderID'
			 rs:keycolumn='true' rs:autoincrement='true'>
			<s:datatype dt:type='int' dt:maxLength='4' rs:precision='10' rs:fixedlength='true' rs:maybenull='false'/>
		</s:AttributeType>
		<s:AttributeType name='ShippedDate' rs:number='3' rs:nullable='true' rs:writeunknown='true' rs:basecatalog='Northwind'
			 rs:basetable='Orders' rs:basecolumn='ShippedDate'>
			<s:datatype dt:type='dateTime' rs:dbtype='timestamp' dt:maxLength='16' rs:scale='3' rs:precision='23' rs:fixedlength='true'/>
		</s:AttributeType>
		<s:extends type='rs:rowbase'/>
	</s:ElementType>
</s:Schema>
<rs:data>
	<z:row CustomerID='VINET' OrderID='10248' ShippedDate='1996-07-16T00:00:00'/>
	<z:row CustomerID='TOMSP' OrderID='10249' ShippedDate='1996-07-10T00:00:00'/>
	<z:row CustomerID='HANAR' OrderID='10250' ShippedDate='1996-07-12T00:00:00'/>
	<z:row CustomerID='VICTE' OrderID='10251' ShippedDate='1996-07-15T00:00:00'/>
	<z:row CustomerID='SUPRD' OrderID='10252' ShippedDate='1996-07-11T00:00:00'/>
	<z:row CustomerID='HANAR' OrderID='10253' ShippedDate='1996-07-16T00:00:00'/>
	<z:row CustomerID='CHOPS' OrderID='10254' ShippedDate='1996-07-23T00:00:00'/>
	<z:row CustomerID='RICSU' OrderID='10255' ShippedDate='1996-07-15T00:00:00'/>
	<z:row CustomerID='WELLI' OrderID='10256' ShippedDate='1996-07-17T00:00:00'/>
	<z:row CustomerID='HILAA' OrderID='10257' ShippedDate='1996-07-22T00:00:00'/>
	<z:row CustomerID='ERNSH' OrderID='10258' ShippedDate='1996-07-23T00:00:00'/>
	<z:row CustomerID='CENTC' OrderID='10259' ShippedDate='1996-07-25T00:00:00'/>
	<z:row CustomerID='OTTIK' OrderID='10260' ShippedDate='1996-07-29T00:00:00'/>
	<z:row CustomerID='QUEDE' OrderID='10261' ShippedDate='1996-07-30T00:00:00'/>
	<z:row CustomerID='RATTC' OrderID='10262' ShippedDate='1996-07-25T00:00:00'/>
	<z:row CustomerID='ERNSH' OrderID='10263' ShippedDate='1996-07-31T00:00:00'/>
	<z:row CustomerID='FOLKO' OrderID='10264' ShippedDate='1996-08-23T00:00:00'/>
	<z:row CustomerID='BLONP' OrderID='10265' ShippedDate='1996-08-12T00:00:00'/>
	<z:row CustomerID='WARTH' OrderID='10266' ShippedDate='1996-07-31T00:00:00'/>
	<z:row CustomerID='FRANK' OrderID='10267' ShippedDate='1996-08-06T00:00:00'/>
	<z:row CustomerID='GROSR' OrderID='10268' ShippedDate='1996-08-02T00:00:00'/>
	<z:row CustomerID='WHITC' OrderID='10269' ShippedDate='1996-08-09T00:00:00'/>
	<z:row CustomerID='WARTH' OrderID='10270' ShippedDate='1996-08-02T00:00:00'/>
	<z:row CustomerID='SPLIR' OrderID='10271' ShippedDate='1996-08-30T00:00:00'/>
	<z:row CustomerID='RATTC' OrderID='10272' ShippedDate='1996-08-06T00:00:00'/>
	<z:row CustomerID='QUICK' OrderID='10273' ShippedDate='1996-08-12T00:00:00'/>
	<z:row CustomerID='VINET' OrderID='10274' ShippedDate='1996-08-16T00:00:00'/>
	<z:row CustomerID='MAGAA' OrderID='10275' ShippedDate='1996-08-09T00:00:00'/>
	<z:row CustomerID='TORTU' OrderID='10276' ShippedDate='1996-08-14T00:00:00'/>
	<z:row CustomerID='MORGK' OrderID='10277' ShippedDate='1996-08-13T00:00:00'/>
	<z:row CustomerID='BERGS' OrderID='10278' ShippedDate='1996-08-16T00:00:00'/>
	<z:row CustomerID='LEHMS' OrderID='10279' ShippedDate='1996-08-16T00:00:00'/>
	<z:row CustomerID='BERGS' OrderID='10280' ShippedDate='1996-09-12T00:00:00'/>
	<z:row CustomerID='ROMEY' OrderID='10281' ShippedDate='1996-08-21T00:00:00'/>
	<z:row CustomerID='ROMEY' OrderID='10282' ShippedDate='1996-08-21T00:00:00'/>
	<z:row CustomerID='LILAS' OrderID='10283' ShippedDate='1996-08-23T00:00:00'/>
	<z:row CustomerID='LEHMS' OrderID='10284' ShippedDate='1996-08-27T00:00:00'/>
	<z:row CustomerID='QUICK' OrderID='10285' ShippedDate='1996-08-26T00:00:00'/>
	<z:row CustomerID='QUICK' OrderID='10286' ShippedDate='1996-08-30T00:00:00'/>
	<z:row CustomerID='RICAR' OrderID='10287' ShippedDate='1996-08-28T00:00:00'/>
	<z:row CustomerID='REGGC' OrderID='10288' ShippedDate='1996-09-03T00:00:00'/>
	<z:row CustomerID='BSBEV' OrderID='10289' ShippedDate='1996-08-28T00:00:00'/>
	<z:row CustomerID='COMMI' OrderID='10290' ShippedDate='1996-09-03T00:00:00'/>
	<z:row CustomerID='QUEDE' OrderID='10291' ShippedDate='1996-09-04T00:00:00'/>
	<z:row CustomerID='TRADH' OrderID='10292' ShippedDate='1996-09-02T00:00:00'/>
	<z:row CustomerID='TORTU' OrderID='10293' ShippedDate='1996-09-11T00:00:00'/>
	<z:row CustomerID='RATTC' OrderID='10294' ShippedDate='1996-09-05T00:00:00'/>
	<z:row CustomerID='VINET' OrderID='10295' ShippedDate='1996-09-10T00:00:00'/>
	<z:row CustomerID='LILAS' OrderID='10296' ShippedDate='1996-09-11T00:00:00'/>
	<z:row CustomerID='BLONP' OrderID='10297' ShippedDate='1996-09-10T00:00:00'/>
	<z:row CustomerID='HUNGO' OrderID='10298' ShippedDate='1996-09-11T00:00:00'/>
	<z:row CustomerID='RICAR' OrderID='10299' ShippedDate='1996-09-13T00:00:00'/>
	<z:row CustomerID='MAGAA' OrderID='10300' ShippedDate='1996-09-18T00:00:00'/>
	<z:row CustomerID='WANDK' OrderID='10301' ShippedDate='1996-09-17T00:00:00'/>
	<z:row CustomerID='SUPRD' OrderID='10302' ShippedDate='1996-10-09T00:00:00'/>
	<z:row CustomerID='GODOS' OrderID='10303' ShippedDate='1996-09-18T00:00:00'/>
	<z:row CustomerID='TORTU' OrderID='10304' ShippedDate='1996-09-17T00:00:00'/>
	<z:row CustomerID='OLDWO' OrderID='10305' ShippedDate='1996-10-09T00:00:00'/>
	<z:row CustomerID='ROMEY' OrderID='10306' ShippedDate='1996-09-23T00:00:00'/>
	<z:row CustomerID='LONEP' OrderID='10307' ShippedDate='1996-09-25T00:00:00'/>
	<z:row CustomerID='ANATR' OrderID='10308' ShippedDate='1996-09-24T00:00:00'/>
	<z:row CustomerID='HUNGO' OrderID='10309' ShippedDate='1996-10-23T00:00:00'/>
	<z:row CustomerID='THEBI' OrderID='10310' ShippedDate='1996-09-27T00:00:00'/>
	<z:row CustomerID='DUMON' OrderID='10311' ShippedDate='1996-09-26T00:00:00'/>
	<z:row CustomerID='WANDK' OrderID='10312' ShippedDate='1996-10-03T00:00:00'/>
	<z:row CustomerID='QUICK' OrderID='10313' ShippedDate='1996-10-04T00:00:00'/>
	<z:row CustomerID='RATTC' OrderID='10314' ShippedDate='1996-10-04T00:00:00'/>
	<z:row CustomerID='ISLAT' OrderID='10315' ShippedDate='1996-10-03T00:00:00'/>
	<z:row CustomerID='RATTC' OrderID='10316' ShippedDate='1996-10-08T00:00:00'/>
	<z:row CustomerID='LONEP' OrderID='10317' ShippedDate='1996-10-10T00:00:00'/>
	<z:row CustomerID='ISLAT' OrderID='10318' ShippedDate='1996-10-04T00:00:00'/>
	<z:row CustomerID='TORTU' OrderID='10319' ShippedDate='1996-10-11T00:00:00'/>
	<z:row CustomerID='WARTH' OrderID='10320' ShippedDate='1996-10-18T00:00:00'/>
	<z:row CustomerID='ISLAT' OrderID='10321' ShippedDate='1996-10-11T00:00:00'/>
	<z:row CustomerID='PERIC' OrderID='10322' ShippedDate='1996-10-23T00:00:00'/>
	<z:row CustomerID='KOENE' OrderID='10323' ShippedDate='1996-10-14T00:00:00'/>
	<z:row CustomerID='SAVEA' OrderID='10324' ShippedDate='1996-10-10T00:00:00'/>
	<z:row CustomerID='KOENE' OrderID='10325' ShippedDate='1996-10-14T00:00:00'/>
	<z:row CustomerID='BOLID' OrderID='10326' ShippedDate='1996-10-14T00:00:00'/>
	<z:row CustomerID='FOLKO' OrderID='10327' ShippedDate='1996-10-14T00:00:00'/>
	<z:row CustomerID='FURIB' OrderID='10328' ShippedDate='1996-10-17T00:00:00'/>
	<z:row CustomerID='SPLIR' OrderID='10329' ShippedDate='1996-10-23T00:00:00'/>
	<z:row CustomerID='LILAS' OrderID='10330' ShippedDate='1996-10-28T00:00:00'/>
	<z:row CustomerID='BONAP' OrderID='10331' ShippedDate='1996-10-21T00:00:00'/>
	<z:row CustomerID='MEREP' OrderID='10332' ShippedDate='1996-10-21T00:00:00'/>
	<z:row CustomerID='WARTH' OrderID='10333' ShippedDate='1996-10-25T00:00:00'/>
	<z:row CustomerID='VICTE' OrderID='10334' ShippedDate='1996-10-28T00:00:00'/>
	<z:row CustomerID='HUNGO' OrderID='10335' ShippedDate='1996-10-24T00:00:00'/>
	<z:row CustomerID='PRINI' OrderID='10336' ShippedDate='1996-10-25T00:00:00'/>
	<z:row CustomerID='FRANK' OrderID='10337' ShippedDate='1996-10-29T00:00:00'/>
	<z:row CustomerID='OLDWO' OrderID='10338' ShippedDate='1996-10-29T00:00:00'/>
	<z:row CustomerID='MEREP' OrderID='10339' ShippedDate='1996-11-04T00:00:00'/>
	<z:row CustomerID='BONAP' OrderID='10340' ShippedDate='1996-11-08T00:00:00'/>
	<z:row CustomerID='SIMOB' OrderID='10341' ShippedDate='1996-11-05T00:00:00'/>
	<z:row CustomerID='FRANK' OrderID='10342' ShippedDate='1996-11-04T00:00:00'/>
	<z:row CustomerID='LEHMS' OrderID='10343' ShippedDate='1996-11-06T00:00:00'/>
	<z:row CustomerID='WHITC' OrderID='10344' ShippedDate='1996-11-05T00:00:00'/>
	<z:row CustomerID='QUICK' OrderID='10345' ShippedDate='1996-11-11T00:00:00'/>
	<z:row CustomerID='RATTC' OrderID='10346' ShippedDate='1996-11-08T00:00:00'/>
	<z:row CustomerID='FAMIA' OrderID='10347' ShippedDate='1996-11-08T00:00:00'/>
	<z:row CustomerID='WANDK' OrderID='10348' ShippedDate='1996-11-15T00:00:00'/>
	<z:row CustomerID='SPLIR' OrderID='10349' ShippedDate='1996-11-15T00:00:00'/>
	<z:row CustomerID='LAMAI' OrderID='10350' ShippedDate='1996-12-03T00:00:00'/>
	<z:row CustomerID='ERNSH' OrderID='10351' ShippedDate='1996-11-20T00:00:00'/>
	<z:row CustomerID='FURIB' OrderID='10352' ShippedDate='1996-11-18T00:00:00'/>
	<z:row CustomerID='PICCO' OrderID='10353' ShippedDate='1996-11-25T00:00:00'/>
	<z:row CustomerID='PERIC' OrderID='10354' ShippedDate='1996-11-20T00:00:00'/>
	<z:row CustomerID='AROUT' OrderID='10355' ShippedDate='1996-11-20T00:00:00'/>
	<z:row CustomerID='WANDK' OrderID='10356' ShippedDate='1996-11-27T00:00:00'/>
	<z:row CustomerID='LILAS' OrderID='10357' ShippedDate='1996-12-02T00:00:00'/>
	<z:row CustomerID='LAMAI' OrderID='10358' ShippedDate='1996-11-27T00:00:00'/>
	<z:row CustomerID='SEVES' OrderID='10359' ShippedDate='1996-11-26T00:00:00'/>
	<z:row CustomerID='BLONP' OrderID='10360' ShippedDate='1996-12-02T00:00:00'/>
	<z:row CustomerID='QUICK' OrderID='10361' ShippedDate='1996-12-03T00:00:00'/>
	<z:row CustomerID='BONAP' OrderID='10362' ShippedDate='1996-11-28T00:00:00'/>
	<z:row CustomerID='DRACD' OrderID='10363' ShippedDate='1996-12-04T00:00:00'/>
	<z:row CustomerID='EASTC' OrderID='10364' ShippedDate='1996-12-04T00:00:00'/>
	<z:row CustomerID='ANTON' OrderID='10365' ShippedDate='1996-12-02T00:00:00'/>
	<z:row CustomerID='GALED' OrderID='10366' ShippedDate='1996-12-30T00:00:00'/>
	<z:row CustomerID='VAFFE' OrderID='10367' ShippedDate='1996-12-02T00:00:00'/>
	<z:row CustomerID='ERNSH' OrderID='10368' ShippedDate='1996-12-02T00:00:00'/>
	<z:row CustomerID='SPLIR' OrderID='10369' ShippedDate='1996-12-09T00:00:00'/>
	<z:row CustomerID='CHOPS' OrderID='10370' ShippedDate='1996-12-27T00:00:00'/>
	<z:row CustomerID='LAMAI' OrderID='10371' ShippedDate='1996-12-24T00:00:00'/>
	<z:row CustomerID='QUEEN' OrderID='10372' ShippedDate='1996-12-09T00:00:00'/>
	<z:row CustomerID='HUNGO' OrderID='10373' ShippedDate='1996-12-11T00:00:00'/>
	<z:row CustomerID='WOLZA' OrderID='10374' ShippedDate='1996-12-09T00:00:00'/>
	<z:row CustomerID='HUNGC' OrderID='10375' ShippedDate='1996-12-09T00:00:00'/>
	<z:row CustomerID='MEREP' OrderID='10376' ShippedDate='1996-12-13T00:00:00'/>
	<z:row CustomerID='SEVES' OrderID='10377' ShippedDate='1996-12-13T00:00:00'/>
	<z:row CustomerID='FOLKO' OrderID='10378' ShippedDate='1996-12-19T00:00:00'/>
	<z:row CustomerID='QUEDE' OrderID='10379' ShippedDate='1996-12-13T00:00:00'/>
	<z:row CustomerID='HUNGO' OrderID='10380' ShippedDate='1997-01-16T00:00:00'/>
	<z:row CustomerID='LILAS' OrderID='10381' ShippedDate='1996-12-13T00:00:00'/>
	<z:row CustomerID='ERNSH' OrderID='10382' ShippedDate='1996-12-16T00:00:00'/>
	<z:row CustomerID='AROUT' OrderID='10383' ShippedDate='1996-12-18T00:00:00'/>
	<z:row CustomerID='BERGS' OrderID='10384' ShippedDate='1996-12-20T00:00:00'/>
	<z:row CustomerID='SPLIR' OrderID='10385' ShippedDate='1996-12-23T00:00:00'/>
	<z:row CustomerID='FAMIA' OrderID='10386' ShippedDate='1996-12-25T00:00:00'/>
	<z:row CustomerID='SANTG' OrderID='10387' ShippedDate='1996-12-20T00:00:00'/>
	<z:row CustomerID='SEVES' OrderID='10388' ShippedDate='1996-12-20T00:00:00'/>
	<z:row CustomerID='BOTTM' OrderID='10389' ShippedDate='1996-12-24T00:00:00'/>
	<z:row CustomerID='ERNSH' OrderID='10390' ShippedDate='1996-12-26T00:00:00'/>
	<z:row CustomerID='DRACD' OrderID='10391' ShippedDate='1996-12-31T00:00:00'/>
	<z:row CustomerID='PICCO' OrderID='10392' ShippedDate='1997-01-01T00:00:00'/>
	<z:row CustomerID='SAVEA' OrderID='10393' ShippedDate='1997-01-03T00:00:00'/>
	<z:row CustomerID='HUNGC' OrderID='10394' ShippedDate='1997-01-03T00:00:00'/>
	<z:row CustomerID='HILAA' OrderID='10395' ShippedDate='1997-01-03T00:00:00'/>
	<z:row CustomerID='FRANK' OrderID='10396' ShippedDate='1997-01-06T00:00:00'/>
	<z:row CustomerID='PRINI' OrderID='10397' ShippedDate='1997-01-02T00:00:00'/>
	<z:row CustomerID='SAVEA' OrderID='10398' ShippedDate='1997-01-09T00:00:00'/>
	<z:row CustomerID='VAFFE' OrderID='10399' ShippedDate='1997-01-08T00:00:00'/>
	<z:row CustomerID='EASTC' OrderID='10400' ShippedDate='1997-01-16T00:00:00'/>
	<z:row CustomerID='RATTC' OrderID='10401' ShippedDate='1997-01-10T00:00:00'/>
	<z:row CustomerID='ERNSH' OrderID='10402' ShippedDate='1997-01-10T00:00:00'/>
	<z:row CustomerID='ERNSH' OrderID='10403' ShippedDate='1997-01-09T00:00:00'/>
	<z:row CustomerID='MAGAA' OrderID='10404' ShippedDate='1997-01-08T00:00:00'/>
	<z:row CustomerID='LINOD' OrderID='10405' ShippedDate='1997-01-22T00:00:00'/>
	<z:row CustomerID='QUEEN' OrderID='10406' ShippedDate='1997-01-13T00:00:00'/>
	<z:row CustomerID='OTTIK' OrderID='10407' ShippedDate='1997-01-30T00:00:00'/>
	<z:row CustomerID='FOLIG' OrderID='10408' ShippedDate='1997-01-14T00:00:00'/>
	<z:row CustomerID='OCEAN' OrderID='10409' ShippedDate='1997-01-14T00:00:00'/>
	<z:row CustomerID='BOTTM' OrderID='10410' ShippedDate='1997-01-15T00:00:00'/>
	<z:row CustomerID='BOTTM' OrderID='10411' ShippedDate='1997-01-21T00:00:00'/>
	<z:row CustomerID='WARTH' OrderID='10412' ShippedDate='1997-01-15T00:00:00'/>
	<z:row CustomerID='LAMAI' OrderID='10413' ShippedDate='1997-01-16T00:00:00'/>
	<z:row CustomerID='FAMIA' OrderID='10414' ShippedDate='1997-01-17T00:00:00'/>
	<z:row CustomerID='HUNGC' OrderID='10415' ShippedDate='1997-01-24T00:00:00'/>
	<z:row CustomerID='WARTH' OrderID='10416' ShippedDate='1997-01-27T00:00:00'/>
	<z:row CustomerID='SIMOB' OrderID='10417' ShippedDate='1997-01-28T00:00:00'/>
	<z:row CustomerID='QUICK' OrderID='10418' ShippedDate='1997-01-24T00:00:00'/>
	<z:row CustomerID='RICSU' OrderID='10419' ShippedDate='1997-01-30T00:00:00'/>
	<z:row CustomerID='WELLI' OrderID='10420' ShippedDate='1997-01-27T00:00:00'/>
	<z:row CustomerID='QUEDE' OrderID='10421' ShippedDate='1997-01-27T00:00:00'/>
	<z:row CustomerID='FRANS' OrderID='10422' ShippedDate='1997-01-31T00:00:00'/>
	<z:row CustomerID='GOURL' OrderID='10423' ShippedDate='1997-02-24T00:00:00'/>
	<z:row CustomerID='MEREP' OrderID='10424' ShippedDate='1997-01-27T00:00:00'/>
	<z:row CustomerID='LAMAI' OrderID='10425' ShippedDate='1997-02-14T00:00:00'/>
	<z:row CustomerID='GALED' OrderID='10426' ShippedDate='1997-02-06T00:00:00'/>
	<z:row CustomerID='PICCO' OrderID='10427' ShippedDate='1997-03-03T00:00:00'/>
	<z:row CustomerID='REGGC' OrderID='10428' ShippedDate='1997-02-04T00:00:00'/>
	<z:row CustomerID='HUNGO' OrderID='10429' ShippedDate='1997-02-07T00:00:00'/>
	<z:row CustomerID='ERNSH' OrderID='10430' ShippedDate='1997-02-03T00:00:00'/>
	<z:row CustomerID='BOTTM' OrderID='10431' ShippedDate='1997-02-07T00:00:00'/>
	<z:row CustomerID='SPLIR' OrderID='10432' ShippedDate='1997-02-07T00:00:00'/>
	<z:row CustomerID='PRINI' OrderID='10433' ShippedDate='1997-03-04T00:00:00'/>
	<z:row CustomerID='FOLKO' OrderID='10434' ShippedDate='1997-02-13T00:00:00'/>
	<z:row CustomerID='CONSH' OrderID='10435' ShippedDate='1997-02-07T00:00:00'/>
	<z:row CustomerID='BLONP' OrderID='10436' ShippedDate='1997-02-11T00:00:00'/>
	<z:row CustomerID='WARTH' OrderID='10437' ShippedDate='1997-02-12T00:00:00'/>
	<z:row CustomerID='TOMSP' OrderID='10438' ShippedDate='1997-02-14T00:00:00'/>
	<z:row CustomerID='MEREP' OrderID='10439' ShippedDate='1997-02-10T00:00:00'/>
	<z:row CustomerID='SAVEA' OrderID='10440' ShippedDate='1997-02-28T00:00:00'/>
	<z:row CustomerID='OLDWO' OrderID='10441' ShippedDate='1997-03-14T00:00:00'/>
	<z:row CustomerID='ERNSH' OrderID='10442' ShippedDate='1997-02-18T00:00:00'/>
	<z:row CustomerID='REGGC' OrderID='10443' ShippedDate='1997-02-14T00:00:00'/>
	<z:row CustomerID='BERGS' OrderID='10444' ShippedDate='1997-02-21T00:00:00'/>
	<z:row CustomerID='BERGS' OrderID='10445' ShippedDate='1997-02-20T00:00:00'/>
	<z:row CustomerID='TOMSP' OrderID='10446' ShippedDate='1997-02-19T00:00:00'/>
	<z:row CustomerID='RICAR' OrderID='10447' ShippedDate='1997-03-07T00:00:00'/>
	<z:row CustomerID='RANCH' OrderID='10448' ShippedDate='1997-02-24T00:00:00'/>
	<z:row CustomerID='BLONP' OrderID='10449' ShippedDate='1997-02-27T00:00:00'/>
	<z:row CustomerID='VICTE' OrderID='10450' ShippedDate='1997-03-11T00:00:00'/>
	<z:row CustomerID='QUICK' OrderID='10451' ShippedDate='1997-03-12T00:00:00'/>
	<z:row CustomerID='SAVEA' OrderID='10452' ShippedDate='1997-02-26T00:00:00'/>
	<z:row CustomerID='AROUT' OrderID='10453' ShippedDate='1997-02-26T00:00:00'/>
	<z:row CustomerID='LAMAI' OrderID='10454' ShippedDate='1997-02-25T00:00:00'/>
	<z:row CustomerID='WARTH' OrderID='10455' ShippedDate='1997-03-03T00:00:00'/>
	<z:row CustomerID='KOENE' OrderID='10456' ShippedDate='1997-02-28T00:00:00'/>
	<z:row CustomerID='KOENE' OrderID='10457' ShippedDate='1997-03-03T00:00:00'/>
	<z:row CustomerID='SUPRD' OrderID='10458' ShippedDate='1997-03-04T00:00:00'/>
	<z:row CustomerID='VICTE' OrderID='10459' ShippedDate='1997-02-28T00:00:00'/>
	<z:row CustomerID='FOLKO' OrderID='10460' ShippedDate='1997-03-03T00:00:00'/>
	<z:row CustomerID='LILAS' OrderID='10461' ShippedDate='1997-03-05T00:00:00'/>
	<z:row CustomerID='CONSH' OrderID='10462' ShippedDate='1997-03-18T00:00:00'/>
	<z:row CustomerID='SUPRD' OrderID='10463' ShippedDate='1997-03-06T00:00:00'/>
	<z:row CustomerID='FURIB' OrderID='10464' ShippedDate='1997-03-14T00:00:00'/>
	<z:row CustomerID='VAFFE' OrderID='10465' ShippedDate='1997-03-14T00:00:00'/>
	<z:row CustomerID='COMMI' OrderID='10466' ShippedDate='1997-03-13T00:00:00'/>
	<z:row CustomerID='MAGAA' OrderID='10467' ShippedDate='1997-03-11T00:00:00'/>
	<z:row CustomerID='KOENE' OrderID='10468' ShippedDate='1997-03-12T00:00:00'/>
	<z:row CustomerID='WHITC' OrderID='10469' ShippedDate='1997-03-14T00:00:00'/>
	<z:row CustomerID='BONAP' OrderID='10470' ShippedDate='1997-03-14T00:00:00'/>
	<z:row CustomerID='BSBEV' OrderID='10471' ShippedDate='1997-03-18T00:00:00'/>
	<z:row CustomerID='SEVES' OrderID='10472' ShippedDate='1997-03-19T00:00:00'/>
	<z:row CustomerID='ISLAT' OrderID='10473' ShippedDate='1997-03-21T00:00:00'/>
	<z:row CustomerID='PERIC' OrderID='10474' ShippedDate='1997-03-21T00:00:00'/>
	<z:row CustomerID='SUPRD' OrderID='10475' ShippedDate='1997-04-04T00:00:00'/>
	<z:row CustomerID='HILAA' OrderID='10476' ShippedDate='1997-03-24T00:00:00'/>
	<z:row CustomerID='PRINI' OrderID='10477' ShippedDate='1997-03-25T00:00:00'/>
	<z:row CustomerID='VICTE' OrderID='10478' ShippedDate='1997-03-26T00:00:00'/>
	<z:row CustomerID='RATTC' OrderID='10479' ShippedDate='1997-03-21T00:00:00'/>
	<z:row CustomerID='FOLIG' OrderID='10480' ShippedDate='1997-03-24T00:00:00'/>
	<z:row CustomerID='RICAR' OrderID='10481' ShippedDate='1997-03-25T00:00:00'/>
	<z:row CustomerID='LAZYK' OrderID='10482' ShippedDate='1997-04-10T00:00:00'/>
	<z:row CustomerID='WHITC' OrderID='10483' ShippedDate='1997-04-25T00:00:00'/>
	<z:row CustomerID='BSBEV' OrderID='10484' ShippedDate='1997-04-01T00:00:00'/>
	<z:row CustomerID='LINOD' OrderID='10485' ShippedDate='1997-03-31T00:00:00'/>
	<z:row CustomerID='HILAA' OrderID='10486' ShippedDate='1997-04-02T00:00:00'/>
	<z:row CustomerID='QUEEN' OrderID='10487' ShippedDate='1997-03-28T00:00:00'/>
	<z:row CustomerID='FRANK' OrderID='10488' ShippedDate='1997-04-02T00:00:00'/>
	<z:row CustomerID='PICCO' OrderID='10489' ShippedDate='1997-04-09T00:00:00'/>
	<z:row CustomerID='HILAA' OrderID='10490' ShippedDate='1997-04-03T00:00:00'/>
	<z:row CustomerID='FURIB' OrderID='10491' ShippedDate='1997-04-08T00:00:00'/>
	<z:row CustomerID='BOTTM' OrderID='10492' ShippedDate='1997-04-11T00:00:00'/>
	<z:row CustomerID='LAMAI' OrderID='10493' ShippedDate='1997-04-10T00:00:00'/>
	<z:row CustomerID='COMMI' OrderID='10494' ShippedDate='1997-04-09T00:00:00'/>
	<z:row CustomerID='LAUGB' OrderID='10495' ShippedDate='1997-04-11T00:00:00'/>
	<z:row CustomerID='TRADH' OrderID='10496' ShippedDate='1997-04-07T00:00:00'/>
	<z:row CustomerID='LEHMS' OrderID='10497' ShippedDate='1997-04-07T00:00:00'/>
	<z:row CustomerID='HILAA' OrderID='10498' ShippedDate='1997-04-11T00:00:00'/>
	<z:row CustomerID='LILAS' OrderID='10499' ShippedDate='1997-04-16T00:00:00'/>
	<z:row CustomerID='LAMAI' OrderID='10500' ShippedDate='1997-04-17T00:00:00'/>
	<z:row CustomerID='BLAUS' OrderID='10501' ShippedDate='1997-04-16T00:00:00'/>
	<z:row CustomerID='PERIC' OrderID='10502' ShippedDate='1997-04-29T00:00:00'/>
	<z:row CustomerID='HUNGO' OrderID='10503' ShippedDate='1997-04-16T00:00:00'/>
	<z:row CustomerID='WHITC' OrderID='10504' ShippedDate='1997-04-18T00:00:00'/>
	<z:row CustomerID='MEREP' OrderID='10505' ShippedDate='1997-04-21T00:00:00'/>
	<z:row CustomerID='KOENE' OrderID='10506' ShippedDate='1997-05-02T00:00:00'/>
	<z:row CustomerID='ANTON' OrderID='10507' ShippedDate='1997-04-22T00:00:00'/>
	<z:row CustomerID='OTTIK' OrderID='10508' ShippedDate='1997-05-13T00:00:00'/>
	<z:row CustomerID='BLAUS' OrderID='10509' ShippedDate='1997-04-29T00:00:00'/>
	<z:row CustomerID='SAVEA' OrderID='10510' ShippedDate='1997-04-28T00:00:00'/>
	<z:row CustomerID='BONAP' OrderID='10511' ShippedDate='1997-04-21T00:00:00'/>
	<z:row CustomerID='FAMIA' OrderID='10512' ShippedDate='1997-04-24T00:00:00'/>
	<z:row CustomerID='WANDK' OrderID='10513' ShippedDate='1997-04-28T00:00:00'/>
	<z:row CustomerID='ERNSH' OrderID='10514' ShippedDate='1997-05-16T00:00:00'/>
	<z:row CustomerID='QUICK' OrderID='10515' ShippedDate='1997-05-23T00:00:00'/>
	<z:row CustomerID='HUNGO' OrderID='10516' ShippedDate='1997-05-01T00:00:00'/>
	<z:row CustomerID='NORTS' OrderID='10517' ShippedDate='1997-04-29T00:00:00'/>
	<z:row CustomerID='TORTU' OrderID='10518' ShippedDate='1997-05-05T00:00:00'/>
	<z:row CustomerID='CHOPS' OrderID='10519' ShippedDate='1997-05-01T00:00:00'/>
	<z:row CustomerID='SANTG' OrderID='10520' ShippedDate='1997-05-01T00:00:00'/>
	<z:row CustomerID='CACTU' OrderID='10521' ShippedDate='1997-05-02T00:00:00'/>
	<z:row CustomerID='LEHMS' OrderID='10522' ShippedDate='1997-05-06T00:00:00'/>
	<z:row CustomerID='SEVES' OrderID='10523' ShippedDate='1997-05-30T00:00:00'/>
	<z:row CustomerID='BERGS' OrderID='10524' ShippedDate='1997-05-07T00:00:00'/>
	<z:row CustomerID='BONAP' OrderID='10525' ShippedDate='1997-05-23T00:00:00'/>
	<z:row CustomerID='WARTH' OrderID='10526' ShippedDate='1997-05-15T00:00:00'/>
	<z:row CustomerID='QUICK' OrderID='10527' ShippedDate='1997-05-07T00:00:00'/>
	<z:row CustomerID='GREAL' OrderID='10528' ShippedDate='1997-05-09T00:00:00'/>
	<z:row CustomerID='MAISD' OrderID='10529' ShippedDate='1997-05-09T00:00:00'/>
	<z:row CustomerID='PICCO' OrderID='10530' ShippedDate='1997-05-12T00:00:00'/>
	<z:row CustomerID='OCEAN' OrderID='10531' ShippedDate='1997-05-19T00:00:00'/>
	<z:row CustomerID='EASTC' OrderID='10532' ShippedDate='1997-05-12T00:00:00'/>
	<z:row CustomerID='FOLKO' OrderID='10533' ShippedDate='1997-05-22T00:00:00'/>
	<z:row CustomerID='LEHMS' OrderID='10534' ShippedDate='1997-05-14T00:00:00'/>
	<z:row CustomerID='ANTON' OrderID='10535' ShippedDate='1997-05-21T00:00:00'/>
	<z:row CustomerID='LEHMS' OrderID='10536' ShippedDate='1997-06-06T00:00:00'/>
	<z:row CustomerID='RICSU' OrderID='10537' ShippedDate='1997-05-19T00:00:00'/>
	<z:row CustomerID='BSBEV' OrderID='10538' ShippedDate='1997-05-16T00:00:00'/>
	<z:row CustomerID='BSBEV' OrderID='10539' ShippedDate='1997-05-23T00:00:00'/>
	<z:row CustomerID='QUICK' OrderID='10540' ShippedDate='1997-06-13T00:00:00'/>
	<z:row CustomerID='HANAR' OrderID='10541' ShippedDate='1997-05-29T00:00:00'/>
	<z:row CustomerID='KOENE' OrderID='10542' ShippedDate='1997-05-26T00:00:00'/>
	<z:row CustomerID='LILAS' OrderID='10543' ShippedDate='1997-05-23T00:00:00'/>
	<z:row CustomerID='LONEP' OrderID='10544' ShippedDate='1997-05-30T00:00:00'/>
	<z:row CustomerID='LAZYK' OrderID='10545' ShippedDate='1997-06-26T00:00:00'/>
	<z:row CustomerID='VICTE' OrderID='10546' ShippedDate='1997-05-27T00:00:00'/>
	<z:row CustomerID='SEVES' OrderID='10547' ShippedDate='1997-06-02T00:00:00'/>
	<z:row CustomerID='TOMSP' OrderID='10548' ShippedDate='1997-06-02T00:00:00'/>
	<z:row CustomerID='QUICK' OrderID='10549' ShippedDate='1997-05-30T00:00:00'/>
	<z:row CustomerID='GODOS' OrderID='10550' ShippedDate='1997-06-06T00:00:00'/>
	<z:row CustomerID='FURIB' OrderID='10551' ShippedDate='1997-06-06T00:00:00'/>
	<z:row CustomerID='HILAA' OrderID='10552' ShippedDate='1997-06-05T00:00:00'/>
	<z:row CustomerID='WARTH' OrderID='10553' ShippedDate='1997-06-03T00:00:00'/>
	<z:row CustomerID='OTTIK' OrderID='10554' ShippedDate='1997-06-05T00:00:00'/>
	<z:row CustomerID='SAVEA' OrderID='10555' ShippedDate='1997-06-04T00:00:00'/>
	<z:row CustomerID='SIMOB' OrderID='10556' ShippedDate='1997-06-13T00:00:00'/>
	<z:row CustomerID='LEHMS' OrderID='10557' ShippedDate='1997-06-06T00:00:00'/>
	<z:row CustomerID='AROUT' OrderID='10558' ShippedDate='1997-06-10T00:00:00'/>
	<z:row CustomerID='BLONP' OrderID='10559' ShippedDate='1997-06-13T00:00:00'/>
	<z:row CustomerID='FRANK' OrderID='10560' ShippedDate='1997-06-09T00:00:00'/>
	<z:row CustomerID='FOLKO' OrderID='10561' ShippedDate='1997-06-09T00:00:00'/>
	<z:row CustomerID='REGGC' OrderID='10562' ShippedDate='1997-06-12T00:00:00'/>
	<z:row CustomerID='RICAR' OrderID='10563' ShippedDate='1997-06-24T00:00:00'/>
	<z:row CustomerID='RATTC' OrderID='10564' ShippedDate='1997-06-16T00:00:00'/>
	<z:row CustomerID='MEREP' OrderID='10565' ShippedDate='1997-06-18T00:00:00'/>
	<z:row CustomerID='BLONP' OrderID='10566' ShippedDate='1997-06-18T00:00:00'/>
	<z:row CustomerID='HUNGO' OrderID='10567' ShippedDate='1997-06-17T00:00:00'/>
	<z:row CustomerID='GALED' OrderID='10568' ShippedDate='1997-07-09T00:00:00'/>
	<z:row CustomerID='RATTC' OrderID='10569' ShippedDate='1997-07-11T00:00:00'/>
	<z:row CustomerID='MEREP' OrderID='10570' ShippedDate='1997-06-19T00:00:00'/>
	<z:row CustomerID='ERNSH' OrderID='10571' ShippedDate='1997-07-04T00:00:00'/>
	<z:row CustomerID='BERGS' OrderID='10572' ShippedDate='1997-06-25T00:00:00'/>
	<z:row CustomerID='ANTON' OrderID='10573' ShippedDate='1997-06-20T00:00:00'/>
	<z:row CustomerID='TRAIH' OrderID='10574' ShippedDate='1997-06-30T00:00:00'/>
	<z:row CustomerID='MORGK' OrderID='10575' ShippedDate='1997-06-30T00:00:00'/>
	<z:row CustomerID='TORTU' OrderID='10576' ShippedDate='1997-06-30T00:00:00'/>
	<z:row CustomerID='TRAIH' OrderID='10577' ShippedDate='1997-06-30T00:00:00'/>
	<z:row CustomerID='BSBEV' OrderID='10578' ShippedDate='1997-07-25T00:00:00'/>
	<z:row CustomerID='LETSS' OrderID='10579' ShippedDate='1997-07-04T00:00:00'/>
	<z:row CustomerID='OTTIK' OrderID='10580' ShippedDate='1997-07-01T00:00:00'/>
	<z:row CustomerID='FAMIA' OrderID='10581' ShippedDate='1997-07-02T00:00:00'/>
	<z:row CustomerID='BLAUS' OrderID='10582' ShippedDate='1997-07-14T00:00:00'/>
	<z:row CustomerID='WARTH' OrderID='10583' ShippedDate='1997-07-04T00:00:00'/>
	<z:row CustomerID='BLONP' OrderID='10584' ShippedDate='1997-07-04T00:00:00'/>
	<z:row CustomerID='WELLI' OrderID='10585' ShippedDate='1997-07-10T00:00:00'/>
	<z:row CustomerID='REGGC' OrderID='10586' ShippedDate='1997-07-09T00:00:00'/>
	<z:row CustomerID='QUEDE' OrderID='10587' ShippedDate='1997-07-09T00:00:00'/>
	<z:row CustomerID='QUICK' OrderID='10588' ShippedDate='1997-07-10T00:00:00'/>
	<z:row CustomerID='GREAL' OrderID='10589' ShippedDate='1997-07-14T00:00:00'/>
	<z:row CustomerID='MEREP' OrderID='10590' ShippedDate='1997-07-14T00:00:00'/>
	<z:row CustomerID='VAFFE' OrderID='10591' ShippedDate='1997-07-16T00:00:00'/>
	<z:row CustomerID='LEHMS' OrderID='10592' ShippedDate='1997-07-16T00:00:00'/>
	<z:row CustomerID='LEHMS' OrderID='10593' ShippedDate='1997-08-13T00:00:00'/>
	<z:row CustomerID='OLDWO' OrderID='10594' ShippedDate='1997-07-16T00:00:00'/>
	<z:row CustomerID='ERNSH' OrderID='10595' ShippedDate='1997-07-14T00:00:00'/>
	<z:row CustomerID='WHITC' OrderID='10596' ShippedDate='1997-08-12T00:00:00'/>
	<z:row CustomerID='PICCO' OrderID='10597' ShippedDate='1997-07-18T00:00:00'/>
	<z:row CustomerID='RATTC' OrderID='10598' ShippedDate='1997-07-18T00:00:00'/>
	<z:row CustomerID='BSBEV' OrderID='10599' ShippedDate='1997-07-21T00:00:00'/>
	<z:row CustomerID='HUNGC' OrderID='10600' ShippedDate='1997-07-21T00:00:00'/>
	<z:row CustomerID='HILAA' OrderID='10601' ShippedDate='1997-07-22T00:00:00'/>
	<z:row CustomerID='VAFFE' OrderID='10602' ShippedDate='1997-07-22T00:00:00'/>
	<z:row CustomerID='SAVEA' OrderID='10603' ShippedDate='1997-08-08T00:00:00'/>
	<z:row CustomerID='FURIB' OrderID='10604' ShippedDate='1997-07-29T00:00:00'/>
	<z:row CustomerID='MEREP' OrderID='10605' ShippedDate='1997-07-29T00:00:00'/>
	<z:row CustomerID='TRADH' OrderID='10606' ShippedDate='1997-07-31T00:00:00'/>
	<z:row CustomerID='SAVEA' OrderID='10607' ShippedDate='1997-07-25T00:00:00'/>
	<z:row CustomerID='TOMSP' OrderID='10608' ShippedDate='1997-08-01T00:00:00'/>
	<z:row CustomerID='DUMON' OrderID='10609' ShippedDate='1997-07-30T00:00:00'/>
	<z:row CustomerID='LAMAI' OrderID='10610' ShippedDate='1997-08-06T00:00:00'/>
	<z:row CustomerID='WOLZA' OrderID='10611' ShippedDate='1997-08-01T00:00:00'/>
	<z:row CustomerID='SAVEA' OrderID='10612' ShippedDate='1997-08-01T00:00:00'/>
	<z:row CustomerID='HILAA' OrderID='10613' ShippedDate='1997-08-01T00:00:00'/>
	<z:row CustomerID='BLAUS' OrderID='10614' ShippedDate='1997-08-01T00:00:00'/>
	<z:row CustomerID='WILMK' OrderID='10615' ShippedDate='1997-08-06T00:00:00'/>
	<z:row CustomerID='GREAL' OrderID='10616' ShippedDate='1997-08-05T00:00:00'/>
	<z:row CustomerID='GREAL' OrderID='10617' ShippedDate='1997-08-04T00:00:00'/>
	<z:row CustomerID='MEREP' OrderID='10618' ShippedDate='1997-08-08T00:00:00'/>
	<z:row CustomerID='MEREP' OrderID='10619' ShippedDate='1997-08-07T00:00:00'/>
	<z:row CustomerID='LAUGB' OrderID='10620' ShippedDate='1997-08-14T00:00:00'/>
	<z:row CustomerID='ISLAT' OrderID='10621' ShippedDate='1997-08-11T00:00:00'/>
	<z:row CustomerID='RICAR' OrderID='10622' ShippedDate='1997-08-11T00:00:00'/>
	<z:row CustomerID='FRANK' OrderID='10623' ShippedDate='1997-08-12T00:00:00'/>
	<z:row CustomerID='THECR' OrderID='10624' ShippedDate='1997-08-19T00:00:00'/>
	<z:row CustomerID='ANATR' OrderID='10625' ShippedDate='1997-08-14T00:00:00'/>
	<z:row CustomerID='BERGS' OrderID='10626' ShippedDate='1997-08-20T00:00:00'/>
	<z:row CustomerID='SAVEA' OrderID='10627' ShippedDate='1997-08-21T00:00:00'/>
	<z:row CustomerID='BLONP' OrderID='10628' ShippedDate='1997-08-20T00:00:00'/>
	<z:row CustomerID='GODOS' OrderID='10629' ShippedDate='1997-08-20T00:00:00'/>
	<z:row CustomerID='KOENE' OrderID='10630' ShippedDate='1997-08-19T00:00:00'/>
	<z:row CustomerID='LAMAI' OrderID='10631' ShippedDate='1997-08-15T00:00:00'/>
	<z:row CustomerID='WANDK' OrderID='10632' ShippedDate='1997-08-19T00:00:00'/>
	<z:row CustomerID='ERNSH' OrderID='10633' ShippedDate='1997-08-18T00:00:00'/>
	<z:row CustomerID='FOLIG' OrderID='10634' ShippedDate='1997-08-21T00:00:00'/>
	<z:row CustomerID='MAGAA' OrderID='10635' ShippedDate='1997-08-21T00:00:00'/>
	<z:row CustomerID='WARTH' OrderID='10636' ShippedDate='1997-08-26T00:00:00'/>
	<z:row CustomerID='QUEEN' OrderID='10637' ShippedDate='1997-08-26T00:00:00'/>
	<z:row CustomerID='LINOD' OrderID='10638' ShippedDate='1997-09-01T00:00:00'/>
	<z:row CustomerID='SANTG' OrderID='10639' ShippedDate='1997-08-27T00:00:00'/>
	<z:row CustomerID='WANDK' OrderID='10640' ShippedDate='1997-08-28T00:00:00'/>
	<z:row CustomerID='HILAA' OrderID='10641' ShippedDate='1997-08-26T00:00:00'/>
	<z:row CustomerID='SIMOB' OrderID='10642' ShippedDate='1997-09-05T00:00:00'/>
	<z:row CustomerID='ALFKI' OrderID='10643' ShippedDate='1997-09-02T00:00:00'/>
	<z:row CustomerID='WELLI' OrderID='10644' ShippedDate='1997-09-01T00:00:00'/>
	<z:row CustomerID='HANAR' OrderID='10645' ShippedDate='1997-09-02T00:00:00'/>
	<z:row CustomerID='HUNGO' OrderID='10646' ShippedDate='1997-09-03T00:00:00'/>
	<z:row CustomerID='QUEDE' OrderID='10647' ShippedDate='1997-09-03T00:00:00'/>
	<z:row CustomerID='RICAR' OrderID='10648' ShippedDate='1997-09-09T00:00:00'/>
	<z:row CustomerID='MAISD' OrderID='10649' ShippedDate='1997-08-29T00:00:00'/>
	<z:row CustomerID='FAMIA' OrderID='10650' ShippedDate='1997-09-03T00:00:00'/>
	<z:row CustomerID='WANDK' OrderID='10651' ShippedDate='1997-09-11T00:00:00'/>
	<z:row CustomerID='GOURL' OrderID='10652' ShippedDate='1997-09-08T00:00:00'/>
	<z:row CustomerID='FRANK' OrderID='10653' ShippedDate='1997-09-19T00:00:00'/>
	<z:row CustomerID='BERGS' OrderID='10654' ShippedDate='1997-09-11T00:00:00'/>
	<z:row CustomerID='REGGC' OrderID='10655' ShippedDate='1997-09-11T00:00:00'/>
	<z:row CustomerID='GREAL' OrderID='10656' ShippedDate='1997-09-10T00:00:00'/>
	<z:row CustomerID='SAVEA' OrderID='10657' ShippedDate='1997-09-15T00:00:00'/>
	<z:row CustomerID='QUICK' OrderID='10658' ShippedDate='1997-09-08T00:00:00'/>
	<z:row CustomerID='QUEEN' OrderID='10659' ShippedDate='1997-09-10T00:00:00'/>
	<z:row CustomerID='HUNGC' OrderID='10660' ShippedDate='1997-10-15T00:00:00'/>
	<z:row CustomerID='HUNGO' OrderID='10661' ShippedDate='1997-09-15T00:00:00'/>
	<z:row CustomerID='LONEP' OrderID='10662' ShippedDate='1997-09-18T00:00:00'/>
	<z:row CustomerID='BONAP' OrderID='10663' ShippedDate='1997-10-03T00:00:00'/>
	<z:row CustomerID='FURIB' OrderID='10664' ShippedDate='1997-09-19T00:00:00'/>
	<z:row CustomerID='LONEP' OrderID='10665' ShippedDate='1997-09-17T00:00:00'/>
	<z:row CustomerID='RICSU' OrderID='10666' ShippedDate='1997-09-22T00:00:00'/>
	<z:row CustomerID='ERNSH' OrderID='10667' ShippedDate='1997-09-19T00:00:00'/>
	<z:row CustomerID='WANDK' OrderID='10668' ShippedDate='1997-09-23T00:00:00'/>
	<z:row CustomerID='SIMOB' OrderID='10669' ShippedDate='1997-09-22T00:00:00'/>
	<z:row CustomerID='FRANK' OrderID='10670' ShippedDate='1997-09-18T00:00:00'/>
	<z:row CustomerID='FRANR' OrderID='10671' ShippedDate='1997-09-24T00:00:00'/>
	<z:row CustomerID='BERGS' OrderID='10672' ShippedDate='1997-09-26T00:00:00'/>
	<z:row CustomerID='WILMK' OrderID='10673' ShippedDate='1997-09-19T00:00:00'/>
	<z:row CustomerID='ISLAT' OrderID='10674' ShippedDate='1997-09-30T00:00:00'/>
	<z:row CustomerID='FRANK' OrderID='10675' ShippedDate='1997-09-23T00:00:00'/>
	<z:row CustomerID='TORTU' OrderID='10676' ShippedDate='1997-09-29T00:00:00'/>
	<z:row CustomerID='ANTON' OrderID='10677' ShippedDate='1997-09-26T00:00:00'/>
	<z:row CustomerID='SAVEA' OrderID='10678' ShippedDate='1997-10-16T00:00:00'/>
	<z:row CustomerID='BLONP' OrderID='10679' ShippedDate='1997-09-30T00:00:00'/>
	<z:row CustomerID='OLDWO' OrderID='10680' ShippedDate='1997-09-26T00:00:00'/>
	<z:row CustomerID='GREAL' OrderID='10681' ShippedDate='1997-09-30T00:00:00'/>
	<z:row CustomerID='ANTON' OrderID='10682' ShippedDate='1997-10-01T00:00:00'/>
	<z:row CustomerID='DUMON' OrderID='10683' ShippedDate='1997-10-01T00:00:00'/>
	<z:row CustomerID='OTTIK' OrderID='10684' ShippedDate='1997-09-30T00:00:00'/>
	<z:row CustomerID='GOURL' OrderID='10685' ShippedDate='1997-10-03T00:00:00'/>
	<z:row CustomerID='PICCO' OrderID='10686' ShippedDate='1997-10-08T00:00:00'/>
	<z:row CustomerID='HUNGO' OrderID='10687' ShippedDate='1997-10-30T00:00:00'/>
	<z:row CustomerID='VAFFE' OrderID='10688' ShippedDate='1997-10-07T00:00:00'/>
	<z:row CustomerID='BERGS' OrderID='10689' ShippedDate='1997-10-07T00:00:00'/>
	<z:row CustomerID='HANAR' OrderID='10690' ShippedDate='1997-10-03T00:00:00'/>
	<z:row CustomerID='QUICK' OrderID='10691' ShippedDate='1997-10-22T00:00:00'/>
	<z:row CustomerID='ALFKI' OrderID='10692' ShippedDate='1997-10-13T00:00:00'/>
	<z:row CustomerID='WHITC' OrderID='10693' ShippedDate='1997-10-10T00:00:00'/>
	<z:row CustomerID='QUICK' OrderID='10694' ShippedDate='1997-10-09T00:00:00'/>
	<z:row CustomerID='WILMK' OrderID='10695' ShippedDate='1997-10-14T00:00:00'/>
	<z:row CustomerID='WHITC' OrderID='10696' ShippedDate='1997-10-14T00:00:00'/>
	<z:row CustomerID='LINOD' OrderID='10697' ShippedDate='1997-10-14T00:00:00'/>
	<z:row CustomerID='ERNSH' OrderID='10698' ShippedDate='1997-10-17T00:00:00'/>
	<z:row CustomerID='MORGK' OrderID='10699' ShippedDate='1997-10-13T00:00:00'/>
	<z:row CustomerID='SAVEA' OrderID='10700' ShippedDate='1997-10-16T00:00:00'/>
	<z:row CustomerID='HUNGO' OrderID='10701' ShippedDate='1997-10-15T00:00:00'/>
	<z:row CustomerID='ALFKI' OrderID='10702' ShippedDate='1997-10-21T00:00:00'/>
	<z:row CustomerID='FOLKO' OrderID='10703' ShippedDate='1997-10-20T00:00:00'/>
	<z:row CustomerID='QUEEN' OrderID='10704' ShippedDate='1997-11-07T00:00:00'/>
	<z:row CustomerID='HILAA' OrderID='10705' ShippedDate='1997-11-18T00:00:00'/>
	<z:row CustomerID='OLDWO' OrderID='10706' ShippedDate='1997-10-21T00:00:00'/>
	<z:row CustomerID='AROUT' OrderID='10707' ShippedDate='1997-10-23T00:00:00'/>
	<z:row CustomerID='THEBI' OrderID='10708' ShippedDate='1997-11-05T00:00:00'/>
	<z:row CustomerID='GOURL' OrderID='10709' ShippedDate='1997-11-20T00:00:00'/>
	<z:row CustomerID='FRANS' OrderID='10710' ShippedDate='1997-10-23T00:00:00'/>
	<z:row CustomerID='SAVEA' OrderID='10711' ShippedDate='1997-10-29T00:00:00'/>
	<z:row CustomerID='HUNGO' OrderID='10712' ShippedDate='1997-10-31T00:00:00'/>
	<z:row CustomerID='SAVEA' OrderID='10713' ShippedDate='1997-10-24T00:00:00'/>
	<z:row CustomerID='SAVEA' OrderID='10714' ShippedDate='1997-10-27T00:00:00'/>
	<z:row CustomerID='BONAP' OrderID='10715' ShippedDate='1997-10-29T00:00:00'/>
	<z:row CustomerID='RANCH' OrderID='10716' ShippedDate='1997-10-27T00:00:00'/>
	<z:row CustomerID='FRANK' OrderID='10717' ShippedDate='1997-10-29T00:00:00'/>
	<z:row CustomerID='KOENE' OrderID='10718' ShippedDate='1997-10-29T00:00:00'/>
	<z:row CustomerID='LETSS' OrderID='10719' ShippedDate='1997-11-05T00:00:00'/>
	<z:row CustomerID='QUEDE' OrderID='10720' ShippedDate='1997-11-05T00:00:00'/>
	<z:row CustomerID='QUICK' OrderID='10721' ShippedDate='1997-10-31T00:00:00'/>
	<z:row CustomerID='SAVEA' OrderID='10722' ShippedDate='1997-11-04T00:00:00'/>
	<z:row CustomerID='WHITC' OrderID='10723' ShippedDate='1997-11-25T00:00:00'/>
	<z:row CustomerID='MEREP' OrderID='10724' ShippedDate='1997-11-05T00:00:00'/>
	<z:row CustomerID='FAMIA' OrderID='10725' ShippedDate='1997-11-05T00:00:00'/>
	<z:row CustomerID='EASTC' OrderID='10726' ShippedDate='1997-12-05T00:00:00'/>
	<z:row CustomerID='REGGC' OrderID='10727' ShippedDate='1997-12-05T00:00:00'/>
	<z:row CustomerID='QUEEN' OrderID='10728' ShippedDate='1997-11-11T00:00:00'/>
	<z:row CustomerID='LINOD' OrderID='10729' ShippedDate='1997-11-14T00:00:00'/>
	<z:row CustomerID='BONAP' OrderID='10730' ShippedDate='1997-11-14T00:00:00'/>
	<z:row CustomerID='CHOPS' OrderID='10731' ShippedDate='1997-11-14T00:00:00'/>
	<z:row CustomerID='BONAP' OrderID='10732' ShippedDate='1997-11-07T00:00:00'/>
	<z:row CustomerID='BERGS' OrderID='10733' ShippedDate='1997-11-10T00:00:00'/>
	<z:row CustomerID='GOURL' OrderID='10734' ShippedDate='1997-11-12T00:00:00'/>
	<z:row CustomerID='LETSS' OrderID='10735' ShippedDate='1997-11-21T00:00:00'/>
	<z:row CustomerID='HUNGO' OrderID='10736' ShippedDate='1997-11-21T00:00:00'/>
	<z:row CustomerID='VINET' OrderID='10737' ShippedDate='1997-11-18T00:00:00'/>
	<z:row CustomerID='SPECD' OrderID='10738' ShippedDate='1997-11-18T00:00:00'/>
	<z:row CustomerID='VINET' OrderID='10739' ShippedDate='1997-11-17T00:00:00'/>
	<z:row CustomerID='WHITC' OrderID='10740' ShippedDate='1997-11-25T00:00:00'/>
	<z:row CustomerID='AROUT' OrderID='10741' ShippedDate='1997-11-18T00:00:00'/>
	<z:row CustomerID='BOTTM' OrderID='10742' ShippedDate='1997-11-18T00:00:00'/>
	<z:row CustomerID='AROUT' OrderID='10743' ShippedDate='1997-11-21T00:00:00'/>
	<z:row CustomerID='VAFFE' OrderID='10744' ShippedDate='1997-11-24T00:00:00'/>
	<z:row CustomerID='QUICK' OrderID='10745' ShippedDate='1997-11-27T00:00:00'/>
	<z:row CustomerID='CHOPS' OrderID='10746' ShippedDate='1997-11-21T00:00:00'/>
	<z:row CustomerID='PICCO' OrderID='10747' ShippedDate='1997-11-26T00:00:00'/>
	<z:row CustomerID='SAVEA' OrderID='10748' ShippedDate='1997-11-28T00:00:00'/>
	<z:row CustomerID='ISLAT' OrderID='10749' ShippedDate='1997-12-19T00:00:00'/>
	<z:row CustomerID='WARTH' OrderID='10750' ShippedDate='1997-11-24T00:00:00'/>
	<z:row CustomerID='RICSU' OrderID='10751' ShippedDate='1997-12-03T00:00:00'/>
	<z:row CustomerID='NORTS' OrderID='10752' ShippedDate='1997-11-28T00:00:00'/>
	<z:row CustomerID='FRANS' OrderID='10753' ShippedDate='1997-11-27T00:00:00'/>
	<z:row CustomerID='MAGAA' OrderID='10754' ShippedDate='1997-11-27T00:00:00'/>
	<z:row CustomerID='BONAP' OrderID='10755' ShippedDate='1997-11-28T00:00:00'/>
	<z:row CustomerID='SPLIR' OrderID='10756' ShippedDate='1997-12-02T00:00:00'/>
	<z:row CustomerID='SAVEA' OrderID='10757' ShippedDate='1997-12-15T00:00:00'/>
	<z:row CustomerID='RICSU' OrderID='10758' ShippedDate='1997-12-04T00:00:00'/>
	<z:row CustomerID='ANATR' OrderID='10759' ShippedDate='1997-12-12T00:00:00'/>
	<z:row CustomerID='MAISD' OrderID='10760' ShippedDate='1997-12-10T00:00:00'/>
	<z:row CustomerID='RATTC' OrderID='10761' ShippedDate='1997-12-08T00:00:00'/>
	<z:row CustomerID='FOLKO' OrderID='10762' ShippedDate='1997-12-09T00:00:00'/>
	<z:row CustomerID='FOLIG' OrderID='10763' ShippedDate='1997-12-08T00:00:00'/>
	<z:row CustomerID='ERNSH' OrderID='10764' ShippedDate='1997-12-08T00:00:00'/>
	<z:row CustomerID='QUICK' OrderID='10765' ShippedDate='1997-12-09T00:00:00'/>
	<z:row CustomerID='OTTIK' OrderID='10766' ShippedDate='1997-12-09T00:00:00'/>
	<z:row CustomerID='SUPRD' OrderID='10767' ShippedDate='1997-12-15T00:00:00'/>
	<z:row CustomerID='AROUT' OrderID='10768' ShippedDate='1997-12-15T00:00:00'/>
	<z:row CustomerID='VAFFE' OrderID='10769' ShippedDate='1997-12-12T00:00:00'/>
	<z:row CustomerID='HANAR' OrderID='10770' ShippedDate='1997-12-17T00:00:00'/>
	<z:row CustomerID='ERNSH' OrderID='10771' ShippedDate='1998-01-02T00:00:00'/>
	<z:row CustomerID='LEHMS' OrderID='10772' ShippedDate='1997-12-19T00:00:00'/>
	<z:row CustomerID='ERNSH' OrderID='10773' ShippedDate='1997-12-16T00:00:00'/>
	<z:row CustomerID='FOLKO' OrderID='10774' ShippedDate='1997-12-12T00:00:00'/>
	<z:row CustomerID='THECR' OrderID='10775' ShippedDate='1997-12-26T00:00:00'/>
	<z:row CustomerID='ERNSH' OrderID='10776' ShippedDate='1997-12-18T00:00:00'/>
	<z:row CustomerID='GOURL' OrderID='10777' ShippedDate='1998-01-21T00:00:00'/>
	<z:row CustomerID='BERGS' OrderID='10778' ShippedDate='1997-12-24T00:00:00'/>
	<z:row CustomerID='MORGK' OrderID='10779' ShippedDate='1998-01-14T00:00:00'/>
	<z:row CustomerID='LILAS' OrderID='10780' ShippedDate='1997-12-25T00:00:00'/>
	<z:row CustomerID='WARTH' OrderID='10781' ShippedDate='1997-12-19T00:00:00'/>
	<z:row CustomerID='CACTU' OrderID='10782' ShippedDate='1997-12-22T00:00:00'/>
	<z:row CustomerID='HANAR' OrderID='10783' ShippedDate='1997-12-19T00:00:00'/>
	<z:row CustomerID='MAGAA' OrderID='10784' ShippedDate='1997-12-22T00:00:00'/>
	<z:row CustomerID='GROSR' OrderID='10785' ShippedDate='1997-12-24T00:00:00'/>
	<z:row CustomerID='QUEEN' OrderID='10786' ShippedDate='1997-12-23T00:00:00'/>
	<z:row CustomerID='LAMAI' OrderID='10787' ShippedDate='1997-12-26T00:00:00'/>
	<z:row CustomerID='QUICK' OrderID='10788' ShippedDate='1998-01-19T00:00:00'/>
	<z:row CustomerID='FOLIG' OrderID='10789' ShippedDate='1997-12-31T00:00:00'/>
	<z:row CustomerID='GOURL' OrderID='10790' ShippedDate='1997-12-26T00:00:00'/>
	<z:row CustomerID='FRANK' OrderID='10791' ShippedDate='1998-01-01T00:00:00'/>
	<z:row CustomerID='WOLZA' OrderID='10792' ShippedDate='1997-12-31T00:00:00'/>
	<z:row CustomerID='AROUT' OrderID='10793' ShippedDate='1998-01-08T00:00:00'/>
	<z:row CustomerID='QUEDE' OrderID='10794' ShippedDate='1998-01-02T00:00:00'/>
	<z:row CustomerID='ERNSH' OrderID='10795' ShippedDate='1998-01-20T00:00:00'/>
	<z:row CustomerID='HILAA' OrderID='10796' ShippedDate='1998-01-14T00:00:00'/>
	<z:row CustomerID='DRACD' OrderID='10797' ShippedDate='1998-01-05T00:00:00'/>
	<z:row CustomerID='ISLAT' OrderID='10798' ShippedDate='1998-01-05T00:00:00'/>
	<z:row CustomerID='KOENE' OrderID='10799' ShippedDate='1998-01-05T00:00:00'/>
	<z:row CustomerID='SEVES' OrderID='10800' ShippedDate='1998-01-05T00:00:00'/>
	<z:row CustomerID='BOLID' OrderID='10801' ShippedDate='1997-12-31T00:00:00'/>
	<z:row CustomerID='SIMOB' OrderID='10802' ShippedDate='1998-01-02T00:00:00'/>
	<z:row CustomerID='WELLI' OrderID='10803' ShippedDate='1998-01-06T00:00:00'/>
	<z:row CustomerID='SEVES' OrderID='10804' ShippedDate='1998-01-07T00:00:00'/>
	<z:row CustomerID='THEBI' OrderID='10805' ShippedDate='1998-01-09T00:00:00'/>
	<z:row CustomerID='VICTE' OrderID='10806' ShippedDate='1998-01-05T00:00:00'/>
	<z:row CustomerID='FRANS' OrderID='10807' ShippedDate='1998-01-30T00:00:00'/>
	<z:row CustomerID='OLDWO' OrderID='10808' ShippedDate='1998-01-09T00:00:00'/>
	<z:row CustomerID='WELLI' OrderID='10809' ShippedDate='1998-01-07T00:00:00'/>
	<z:row CustomerID='LAUGB' OrderID='10810' ShippedDate='1998-01-07T00:00:00'/>
	<z:row CustomerID='LINOD' OrderID='10811' ShippedDate='1998-01-08T00:00:00'/>
	<z:row CustomerID='REGGC' OrderID='10812' ShippedDate='1998-01-12T00:00:00'/>
	<z:row CustomerID='RICAR' OrderID='10813' ShippedDate='1998-01-09T00:00:00'/>
	<z:row CustomerID='VICTE' OrderID='10814' ShippedDate='1998-01-14T00:00:00'/>
	<z:row CustomerID='SAVEA' OrderID='10815' ShippedDate='1998-01-14T00:00:00'/>
	<z:row CustomerID='GREAL' OrderID='10816' ShippedDate='1998-02-04T00:00:00'/>
	<z:row CustomerID='KOENE' OrderID='10817' ShippedDate='1998-01-13T00:00:00'/>
	<z:row CustomerID='MAGAA' OrderID='10818' ShippedDate='1998-01-12T00:00:00'/>
	<z:row CustomerID='CACTU' OrderID='10819' ShippedDate='1998-01-16T00:00:00'/>
	<z:row CustomerID='RATTC' OrderID='10820' ShippedDate='1998-01-13T00:00:00'/>
	<z:row CustomerID='SPLIR' OrderID='10821' ShippedDate='1998-01-15T00:00:00'/>
	<z:row CustomerID='TRAIH' OrderID='10822' ShippedDate='1998-01-16T00:00:00'/>
	<z:row CustomerID='LILAS' OrderID='10823' ShippedDate='1998-01-13T00:00:00'/>
	<z:row CustomerID='FOLKO' OrderID='10824' ShippedDate='1998-01-30T00:00:00'/>
	<z:row CustomerID='DRACD' OrderID='10825' ShippedDate='1998-01-14T00:00:00'/>
	<z:row CustomerID='BLONP' OrderID='10826' ShippedDate='1998-02-06T00:00:00'/>
	<z:row CustomerID='BONAP' OrderID='10827' ShippedDate='1998-02-06T00:00:00'/>
	<z:row CustomerID='RANCH' OrderID='10828' ShippedDate='1998-02-04T00:00:00'/>
	<z:row CustomerID='ISLAT' OrderID='10829' ShippedDate='1998-01-23T00:00:00'/>
	<z:row CustomerID='TRADH' OrderID='10830' ShippedDate='1998-01-21T00:00:00'/>
	<z:row CustomerID='SANTG' OrderID='10831' ShippedDate='1998-01-23T00:00:00'/>
	<z:row CustomerID='LAMAI' OrderID='10832' ShippedDate='1998-01-19T00:00:00'/>
	<z:row CustomerID='OTTIK' OrderID='10833' ShippedDate='1998-01-23T00:00:00'/>
	<z:row CustomerID='TRADH' OrderID='10834' ShippedDate='1998-01-19T00:00:00'/>
	<z:row CustomerID='ALFKI' OrderID='10835' ShippedDate='1998-01-21T00:00:00'/>
	<z:row CustomerID='ERNSH' OrderID='10836' ShippedDate='1998-01-21T00:00:00'/>
	<z:row CustomerID='BERGS' OrderID='10837' ShippedDate='1998-01-23T00:00:00'/>
	<z:row CustomerID='LINOD' OrderID='10838' ShippedDate='1998-01-23T00:00:00'/>
	<z:row CustomerID='TRADH' OrderID='10839' ShippedDate='1998-01-22T00:00:00'/>
	<z:row CustomerID='LINOD' OrderID='10840' ShippedDate='1998-02-16T00:00:00'/>
	<z:row CustomerID='SUPRD' OrderID='10841' ShippedDate='1998-01-29T00:00:00'/>
	<z:row CustomerID='TORTU' OrderID='10842' ShippedDate='1998-01-29T00:00:00'/>
	<z:row CustomerID='VICTE' OrderID='10843' ShippedDate='1998-01-26T00:00:00'/>
	<z:row CustomerID='PICCO' OrderID='10844' ShippedDate='1998-01-26T00:00:00'/>
	<z:row CustomerID='QUICK' OrderID='10845' ShippedDate='1998-01-30T00:00:00'/>
	<z:row CustomerID='SUPRD' OrderID='10846' ShippedDate='1998-01-23T00:00:00'/>
	<z:row CustomerID='SAVEA' OrderID='10847' ShippedDate='1998-02-10T00:00:00'/>
	<z:row CustomerID='CONSH' OrderID='10848' ShippedDate='1998-01-29T00:00:00'/>
	<z:row CustomerID='KOENE' OrderID='10849' ShippedDate='1998-01-30T00:00:00'/>
	<z:row CustomerID='VICTE' OrderID='10850' ShippedDate='1998-01-30T00:00:00'/>
	<z:row CustomerID='RICAR' OrderID='10851' ShippedDate='1998-02-02T00:00:00'/>
	<z:row CustomerID='RATTC' OrderID='10852' ShippedDate='1998-01-30T00:00:00'/>
	<z:row CustomerID='BLAUS' OrderID='10853' ShippedDate='1998-02-03T00:00:00'/>
	<z:row CustomerID='ERNSH' OrderID='10854' ShippedDate='1998-02-05T00:00:00'/>
	<z:row CustomerID='OLDWO' OrderID='10855' ShippedDate='1998-02-04T00:00:00'/>
	<z:row CustomerID='ANTON' OrderID='10856' ShippedDate='1998-02-10T00:00:00'/>
	<z:row CustomerID='BERGS' OrderID='10857' ShippedDate='1998-02-06T00:00:00'/>
	<z:row CustomerID='LACOR' OrderID='10858' ShippedDate='1998-02-03T00:00:00'/>
	<z:row CustomerID='FRANK' OrderID='10859' ShippedDate='1998-02-02T00:00:00'/>
	<z:row CustomerID='FRANR' OrderID='10860' ShippedDate='1998-02-04T00:00:00'/>
	<z:row CustomerID='WHITC' OrderID='10861' ShippedDate='1998-02-17T00:00:00'/>
	<z:row CustomerID='LEHMS' OrderID='10862' ShippedDate='1998-02-02T00:00:00'/>
	<z:row CustomerID='HILAA' OrderID='10863' ShippedDate='1998-02-17T00:00:00'/>
	<z:row CustomerID='AROUT' OrderID='10864' ShippedDate='1998-02-09T00:00:00'/>
	<z:row CustomerID='QUICK' OrderID='10865' ShippedDate='1998-02-12T00:00:00'/>
	<z:row CustomerID='BERGS' OrderID='10866' ShippedDate='1998-02-12T00:00:00'/>
	<z:row CustomerID='LONEP' OrderID='10867' ShippedDate='1998-02-11T00:00:00'/>
	<z:row CustomerID='QUEEN' OrderID='10868' ShippedDate='1998-02-23T00:00:00'/>
	<z:row CustomerID='SEVES' OrderID='10869' ShippedDate='1998-02-09T00:00:00'/>
	<z:row CustomerID='WOLZA' OrderID='10870' ShippedDate='1998-02-13T00:00:00'/>
	<z:row CustomerID='BONAP' OrderID='10871' ShippedDate='1998-02-10T00:00:00'/>
	<z:row CustomerID='GODOS' OrderID='10872' ShippedDate='1998-02-09T00:00:00'/>
	<z:row CustomerID='WILMK' OrderID='10873' ShippedDate='1998-02-09T00:00:00'/>
	<z:row CustomerID='GODOS' OrderID='10874' ShippedDate='1998-02-11T00:00:00'/>
	<z:row CustomerID='BERGS' OrderID='10875' ShippedDate='1998-03-03T00:00:00'/>
	<z:row CustomerID='BONAP' OrderID='10876' ShippedDate='1998-02-12T00:00:00'/>
	<z:row CustomerID='RICAR' OrderID='10877' ShippedDate='1998-02-19T00:00:00'/>
	<z:row CustomerID='QUICK' OrderID='10878' ShippedDate='1998-02-12T00:00:00'/>
	<z:row CustomerID='WILMK' OrderID='10879' ShippedDate='1998-02-12T00:00:00'/>
	<z:row CustomerID='FOLKO' OrderID='10880' ShippedDate='1998-02-18T00:00:00'/>
	<z:row CustomerID='CACTU' OrderID='10881' ShippedDate='1998-02-18T00:00:00'/>
	<z:row CustomerID='SAVEA' OrderID='10882' ShippedDate='1998-02-20T00:00:00'/>
	<z:row CustomerID='LONEP' OrderID='10883' ShippedDate='1998-02-20T00:00:00'/>
	<z:row CustomerID='LETSS' OrderID='10884' ShippedDate='1998-02-13T00:00:00'/>
	<z:row CustomerID='SUPRD' OrderID='10885' ShippedDate='1998-02-18T00:00:00'/>
	<z:row CustomerID='HANAR' OrderID='10886' ShippedDate='1998-03-02T00:00:00'/>
	<z:row CustomerID='GALED' OrderID='10887' ShippedDate='1998-02-16T00:00:00'/>
	<z:row CustomerID='GODOS' OrderID='10888' ShippedDate='1998-02-23T00:00:00'/>
	<z:row CustomerID='RATTC' OrderID='10889' ShippedDate='1998-02-23T00:00:00'/>
	<z:row CustomerID='DUMON' OrderID='10890' ShippedDate='1998-02-18T00:00:00'/>
	<z:row CustomerID='LEHMS' OrderID='10891' ShippedDate='1998-02-19T00:00:00'/>
	<z:row CustomerID='MAISD' OrderID='10892' ShippedDate='1998-02-19T00:00:00'/>
	<z:row CustomerID='KOENE' OrderID='10893' ShippedDate='1998-02-20T00:00:00'/>
	<z:row CustomerID='SAVEA' OrderID='10894' ShippedDate='1998-02-20T00:00:00'/>
	<z:row CustomerID='ERNSH' OrderID='10895' ShippedDate='1998-02-23T00:00:00'/>
	<z:row CustomerID='MAISD' OrderID='10896' ShippedDate='1998-02-27T00:00:00'/>
	<z:row CustomerID='HUNGO' OrderID='10897' ShippedDate='1998-02-25T00:00:00'/>
	<z:row CustomerID='OCEAN' OrderID='10898' ShippedDate='1998-03-06T00:00:00'/>
	<z:row CustomerID='LILAS' OrderID='10899' ShippedDate='1998-02-26T00:00:00'/>
	<z:row CustomerID='WELLI' OrderID='10900' ShippedDate='1998-03-04T00:00:00'/>
	<z:row CustomerID='HILAA' OrderID='10901' ShippedDate='1998-02-26T00:00:00'/>
	<z:row CustomerID='FOLKO' OrderID='10902' ShippedDate='1998-03-03T00:00:00'/>
	<z:row CustomerID='HANAR' OrderID='10903' ShippedDate='1998-03-04T00:00:00'/>
	<z:row CustomerID='WHITC' OrderID='10904' ShippedDate='1998-02-27T00:00:00'/>
	<z:row CustomerID='WELLI' OrderID='10905' ShippedDate='1998-03-06T00:00:00'/>
	<z:row CustomerID='WOLZA' OrderID='10906' ShippedDate='1998-03-03T00:00:00'/>
	<z:row CustomerID='SPECD' OrderID='10907' ShippedDate='1998-02-27T00:00:00'/>
	<z:row CustomerID='REGGC' OrderID='10908' ShippedDate='1998-03-06T00:00:00'/>
	<z:row CustomerID='SANTG' OrderID='10909' ShippedDate='1998-03-10T00:00:00'/>
	<z:row CustomerID='WILMK' OrderID='10910' ShippedDate='1998-03-04T00:00:00'/>
	<z:row CustomerID='GODOS' OrderID='10911' ShippedDate='1998-03-05T00:00:00'/>
	<z:row CustomerID='HUNGO' OrderID='10912' ShippedDate='1998-03-18T00:00:00'/>
	<z:row CustomerID='QUEEN' OrderID='10913' ShippedDate='1998-03-04T00:00:00'/>
	<z:row CustomerID='QUEEN' OrderID='10914' ShippedDate='1998-03-02T00:00:00'/>
	<z:row CustomerID='TORTU' OrderID='10915' ShippedDate='1998-03-02T00:00:00'/>
	<z:row CustomerID='RANCH' OrderID='10916' ShippedDate='1998-03-09T00:00:00'/>
	<z:row CustomerID='ROMEY' OrderID='10917' ShippedDate='1998-03-11T00:00:00'/>
	<z:row CustomerID='BOTTM' OrderID='10918' ShippedDate='1998-03-11T00:00:00'/>
	<z:row CustomerID='LINOD' OrderID='10919' ShippedDate='1998-03-04T00:00:00'/>
	<z:row CustomerID='AROUT' OrderID='10920' ShippedDate='1998-03-09T00:00:00'/>
	<z:row CustomerID='VAFFE' OrderID='10921' ShippedDate='1998-03-09T00:00:00'/>
	<z:row CustomerID='HANAR' OrderID='10922' ShippedDate='1998-03-05T00:00:00'/>
	<z:row CustomerID='LAMAI' OrderID='10923' ShippedDate='1998-03-13T00:00:00'/>
	<z:row CustomerID='BERGS' OrderID='10924' ShippedDate='1998-04-08T00:00:00'/>
	<z:row CustomerID='HANAR' OrderID='10925' ShippedDate='1998-03-13T00:00:00'/>
	<z:row CustomerID='ANATR' OrderID='10926' ShippedDate='1998-03-11T00:00:00'/>
	<z:row CustomerID='LACOR' OrderID='10927' ShippedDate='1998-04-08T00:00:00'/>
	<z:row CustomerID='GALED' OrderID='10928' ShippedDate='1998-03-18T00:00:00'/>
	<z:row CustomerID='FRANK' OrderID='10929' ShippedDate='1998-03-12T00:00:00'/>
	<z:row CustomerID='SUPRD' OrderID='10930' ShippedDate='1998-03-18T00:00:00'/>
	<z:row CustomerID='RICSU' OrderID='10931' ShippedDate='1998-03-19T00:00:00'/>
	<z:row CustomerID='BONAP' OrderID='10932' ShippedDate='1998-03-24T00:00:00'/>
	<z:row CustomerID='ISLAT' OrderID='10933' ShippedDate='1998-03-16T00:00:00'/>
	<z:row CustomerID='LEHMS' OrderID='10934' ShippedDate='1998-03-12T00:00:00'/>
	<z:row CustomerID='WELLI' OrderID='10935' ShippedDate='1998-03-18T00:00:00'/>
	<z:row CustomerID='GREAL' OrderID='10936' ShippedDate='1998-03-18T00:00:00'/>
	<z:row CustomerID='CACTU' OrderID='10937' ShippedDate='1998-03-13T00:00:00'/>
	<z:row CustomerID='QUICK' OrderID='10938' ShippedDate='1998-03-16T00:00:00'/>
	<z:row CustomerID='MAGAA' OrderID='10939' ShippedDate='1998-03-13T00:00:00'/>
	<z:row CustomerID='BONAP' OrderID='10940' ShippedDate='1998-03-23T00:00:00'/>
	<z:row CustomerID='SAVEA' OrderID='10941' ShippedDate='1998-03-20T00:00:00'/>
	<z:row CustomerID='REGGC' OrderID='10942' ShippedDate='1998-03-18T00:00:00'/>
	<z:row CustomerID='BSBEV' OrderID='10943' ShippedDate='1998-03-19T00:00:00'/>
	<z:row CustomerID='BOTTM' OrderID='10944' ShippedDate='1998-03-13T00:00:00'/>
	<z:row CustomerID='MORGK' OrderID='10945' ShippedDate='1998-03-18T00:00:00'/>
	<z:row CustomerID='VAFFE' OrderID='10946' ShippedDate='1998-03-19T00:00:00'/>
	<z:row CustomerID='BSBEV' OrderID='10947' ShippedDate='1998-03-16T00:00:00'/>
	<z:row CustomerID='GODOS' OrderID='10948' ShippedDate='1998-03-19T00:00:00'/>
	<z:row CustomerID='BOTTM' OrderID='10949' ShippedDate='1998-03-17T00:00:00'/>
	<z:row CustomerID='MAGAA' OrderID='10950' ShippedDate='1998-03-23T00:00:00'/>
	<z:row CustomerID='RICSU' OrderID='10951' ShippedDate='1998-04-07T00:00:00'/>
	<z:row CustomerID='ALFKI' OrderID='10952' ShippedDate='1998-03-24T00:00:00'/>
	<z:row CustomerID='AROUT' OrderID='10953' ShippedDate='1998-03-25T00:00:00'/>
	<z:row CustomerID='LINOD' OrderID='10954' ShippedDate='1998-03-20T00:00:00'/>
	<z:row CustomerID='FOLKO' OrderID='10955' ShippedDate='1998-03-20T00:00:00'/>
	<z:row CustomerID='BLAUS' OrderID='10956' ShippedDate='1998-03-20T00:00:00'/>
	<z:row CustomerID='HILAA' OrderID='10957' ShippedDate='1998-03-27T00:00:00'/>
	<z:row CustomerID='OCEAN' OrderID='10958' ShippedDate='1998-03-27T00:00:00'/>
	<z:row CustomerID='GOURL' OrderID='10959' ShippedDate='1998-03-23T00:00:00'/>
	<z:row CustomerID='HILAA' OrderID='10960' ShippedDate='1998-04-08T00:00:00'/>
	<z:row CustomerID='QUEEN' OrderID='10961' ShippedDate='1998-03-30T00:00:00'/>
	<z:row CustomerID='QUICK' OrderID='10962' ShippedDate='1998-03-23T00:00:00'/>
	<z:row CustomerID='FURIB' OrderID='10963' ShippedDate='1998-03-26T00:00:00'/>
	<z:row CustomerID='SPECD' OrderID='10964' ShippedDate='1998-03-24T00:00:00'/>
	<z:row CustomerID='OLDWO' OrderID='10965' ShippedDate='1998-03-30T00:00:00'/>
	<z:row CustomerID='CHOPS' OrderID='10966' ShippedDate='1998-04-08T00:00:00'/>
	<z:row CustomerID='TOMSP' OrderID='10967' ShippedDate='1998-04-02T00:00:00'/>
	<z:row CustomerID='ERNSH' OrderID='10968' ShippedDate='1998-04-01T00:00:00'/>
	<z:row CustomerID='COMMI' OrderID='10969' ShippedDate='1998-03-30T00:00:00'/>
	<z:row CustomerID='BOLID' OrderID='10970' ShippedDate='1998-04-24T00:00:00'/>
	<z:row CustomerID='FRANR' OrderID='10971' ShippedDate='1998-04-02T00:00:00'/>
	<z:row CustomerID='LACOR' OrderID='10972' ShippedDate='1998-03-26T00:00:00'/>
	<z:row CustomerID='LACOR' OrderID='10973' ShippedDate='1998-03-27T00:00:00'/>
	<z:row CustomerID='SPLIR' OrderID='10974' ShippedDate='1998-04-03T00:00:00'/>
	<z:row CustomerID='BOTTM' OrderID='10975' ShippedDate='1998-03-27T00:00:00'/>
	<z:row CustomerID='HILAA' OrderID='10976' ShippedDate='1998-04-03T00:00:00'/>
	<z:row CustomerID='FOLKO' OrderID='10977' ShippedDate='1998-04-10T00:00:00'/>
	<z:row CustomerID='MAISD' OrderID='10978' ShippedDate='1998-04-23T00:00:00'/>
	<z:row CustomerID='ERNSH' OrderID='10979' ShippedDate='1998-03-31T00:00:00'/>
	<z:row CustomerID='FOLKO' OrderID='10980' ShippedDate='1998-04-17T00:00:00'/>
	<z:row CustomerID='HANAR' OrderID='10981' ShippedDate='1998-04-02T00:00:00'/>
	<z:row CustomerID='BOTTM' OrderID='10982' ShippedDate='1998-04-08T00:00:00'/>
	<z:row CustomerID='SAVEA' OrderID='10983' ShippedDate='1998-04-06T00:00:00'/>
	<z:row CustomerID='SAVEA' OrderID='10984' ShippedDate='1998-04-03T00:00:00'/>
	<z:row CustomerID='HUNGO' OrderID='10985' ShippedDate='1998-04-02T00:00:00'/>
	<z:row CustomerID='OCEAN' OrderID='10986' ShippedDate='1998-04-21T00:00:00'/>
	<z:row CustomerID='EASTC' OrderID='10987' ShippedDate='1998-04-06T00:00:00'/>
	<z:row CustomerID='RATTC' OrderID='10988' ShippedDate='1998-04-10T00:00:00'/>
	<z:row CustomerID='QUEDE' OrderID='10989' ShippedDate='1998-04-02T00:00:00'/>
	<z:row CustomerID='ERNSH' OrderID='10990' ShippedDate='1998-04-07T00:00:00'/>
	<z:row CustomerID='QUICK' OrderID='10991' ShippedDate='1998-04-07T00:00:00'/>
	<z:row CustomerID='THEBI' OrderID='10992' ShippedDate='1998-04-03T00:00:00'/>
	<z:row CustomerID='FOLKO' OrderID='10993' ShippedDate='1998-04-10T00:00:00'/>
	<z:row CustomerID='VAFFE' OrderID='10994' ShippedDate='1998-04-09T00:00:00'/>
	<z:row CustomerID='PERIC' OrderID='10995' ShippedDate='1998-04-06T00:00:00'/>
	<z:row CustomerID='QUICK' OrderID='10996' ShippedDate='1998-04-10T00:00:00'/>
	<z:row CustomerID='LILAS' OrderID='10997' ShippedDate='1998-04-13T00:00:00'/>
	<z:row CustomerID='WOLZA' OrderID='10998' ShippedDate='1998-04-17T00:00:00'/>
	<z:row CustomerID='OTTIK' OrderID='10999' ShippedDate='1998-04-10T00:00:00'/>
	<z:row CustomerID='RATTC' OrderID='11000' ShippedDate='1998-04-14T00:00:00'/>
	<z:row CustomerID='FOLKO' OrderID='11001' ShippedDate='1998-04-14T00:00:00'/>
	<z:row CustomerID='SAVEA' OrderID='11002' ShippedDate='1998-04-16T00:00:00'/>
	<z:row CustomerID='THECR' OrderID='11003' ShippedDate='1998-04-08T00:00:00'/>
	<z:row CustomerID='MAISD' OrderID='11004' ShippedDate='1998-04-20T00:00:00'/>
	<z:row CustomerID='WILMK' OrderID='11005' ShippedDate='1998-04-10T00:00:00'/>
	<z:row CustomerID='GREAL' OrderID='11006' ShippedDate='1998-04-15T00:00:00'/>
	<z:row CustomerID='PRINI' OrderID='11007' ShippedDate='1998-04-13T00:00:00'/>
	<z:row CustomerID='ERNSH' OrderID='11008'/>
	<z:row CustomerID='GODOS' OrderID='11009' ShippedDate='1998-04-10T00:00:00'/>
	<z:row CustomerID='REGGC' OrderID='11010' ShippedDate='1998-04-21T00:00:00'/>
	<z:row CustomerID='ALFKI' OrderID='11011' ShippedDate='1998-04-13T00:00:00'/>
	<z:row CustomerID='FRANK' OrderID='11012' ShippedDate='1998-04-17T00:00:00'/>
	<z:row CustomerID='ROMEY' OrderID='11013' ShippedDate='1998-04-10T00:00:00'/>
	<z:row CustomerID='LINOD' OrderID='11014' ShippedDate='1998-04-15T00:00:00'/>
	<z:row CustomerID='SANTG' OrderID='11015' ShippedDate='1998-04-20T00:00:00'/>
	<z:row CustomerID='AROUT' OrderID='11016' ShippedDate='1998-04-13T00:00:00'/>
	<z:row CustomerID='ERNSH' OrderID='11017' ShippedDate='1998-04-20T00:00:00'/>
	<z:row CustomerID='LONEP' OrderID='11018' ShippedDate='1998-04-16T00:00:00'/>
	<z:row CustomerID='RANCH' OrderID='11019'/>
	<z:row CustomerID='OTTIK' OrderID='11020' ShippedDate='1998-04-16T00:00:00'/>
	<z:row CustomerID='QUICK' OrderID='11021' ShippedDate='1998-04-21T00:00:00'/>
	<z:row CustomerID='HANAR' OrderID='11022' ShippedDate='1998-05-04T00:00:00'/>
	<z:row CustomerID='BSBEV' OrderID='11023' ShippedDate='1998-04-24T00:00:00'/>
	<z:row CustomerID='EASTC' OrderID='11024' ShippedDate='1998-04-20T00:00:00'/>
	<z:row CustomerID='WARTH' OrderID='11025' ShippedDate='1998-04-24T00:00:00'/>
	<z:row CustomerID='FRANS' OrderID='11026' ShippedDate='1998-04-28T00:00:00'/>
	<z:row CustomerID='BOTTM' OrderID='11027' ShippedDate='1998-04-20T00:00:00'/>
	<z:row CustomerID='KOENE' OrderID='11028' ShippedDate='1998-04-22T00:00:00'/>
	<z:row CustomerID='CHOPS' OrderID='11029' ShippedDate='1998-04-27T00:00:00'/>
	<z:row CustomerID='SAVEA' OrderID='11030' ShippedDate='1998-04-27T00:00:00'/>
	<z:row CustomerID='SAVEA' OrderID='11031' ShippedDate='1998-04-24T00:00:00'/>
	<z:row CustomerID='WHITC' OrderID='11032' ShippedDate='1998-04-23T00:00:00'/>
	<z:row CustomerID='RICSU' OrderID='11033' ShippedDate='1998-04-23T00:00:00'/>
	<z:row CustomerID='OLDWO' OrderID='11034' ShippedDate='1998-04-27T00:00:00'/>
	<z:row CustomerID='SUPRD' OrderID='11035' ShippedDate='1998-04-24T00:00:00'/>
	<z:row CustomerID='DRACD' OrderID='11036' ShippedDate='1998-04-22T00:00:00'/>
	<z:row CustomerID='GODOS' OrderID='11037' ShippedDate='1998-04-27T00:00:00'/>
	<z:row CustomerID='SUPRD' OrderID='11038' ShippedDate='1998-04-30T00:00:00'/>
	<z:row CustomerID='LINOD' OrderID='11039'/>
	<z:row CustomerID='GREAL' OrderID='11040'/>
	<z:row CustomerID='CHOPS' OrderID='11041' ShippedDate='1998-04-28T00:00:00'/>
	<z:row CustomerID='COMMI' OrderID='11042' ShippedDate='1998-05-01T00:00:00'/>
	<z:row CustomerID='SPECD' OrderID='11043' ShippedDate='1998-04-29T00:00:00'/>
	<z:row CustomerID='WOLZA' OrderID='11044' ShippedDate='1998-05-01T00:00:00'/>
	<z:row CustomerID='BOTTM' OrderID='11045'/>
	<z:row CustomerID='WANDK' OrderID='11046' ShippedDate='1998-04-24T00:00:00'/>
	<z:row CustomerID='EASTC' OrderID='11047' ShippedDate='1998-05-01T00:00:00'/>
	<z:row CustomerID='BOTTM' OrderID='11048' ShippedDate='1998-04-30T00:00:00'/>
	<z:row CustomerID='GOURL' OrderID='11049' ShippedDate='1998-05-04T00:00:00'/>
	<z:row CustomerID='FOLKO' OrderID='11050' ShippedDate='1998-05-05T00:00:00'/>
	<z:row CustomerID='LAMAI' OrderID='11051'/>
	<z:row CustomerID='HANAR' OrderID='11052' ShippedDate='1998-05-01T00:00:00'/>
	<z:row CustomerID='PICCO' OrderID='11053' ShippedDate='1998-04-29T00:00:00'/>
	<z:row CustomerID='CACTU' OrderID='11054'/>
	<z:row CustomerID='HILAA' OrderID='11055' ShippedDate='1998-05-05T00:00:00'/>
	<z:row CustomerID='EASTC' OrderID='11056' ShippedDate='1998-05-01T00:00:00'/>
	<z:row CustomerID='NORTS' OrderID='11057' ShippedDate='1998-05-01T00:00:00'/>
	<z:row CustomerID='BLAUS' OrderID='11058'/>
	<z:row CustomerID='RICAR' OrderID='11059'/>
	<z:row CustomerID='FRANS' OrderID='11060' ShippedDate='1998-05-04T00:00:00'/>
	<z:row CustomerID='GREAL' OrderID='11061'/>
	<z:row CustomerID='REGGC' OrderID='11062'/>
	<z:row CustomerID='HUNGO' OrderID='11063' ShippedDate='1998-05-06T00:00:00'/>
	<z:row CustomerID='SAVEA' OrderID='11064' ShippedDate='1998-05-04T00:00:00'/>
	<z:row CustomerID='LILAS' OrderID='11065'/>
	<z:row CustomerID='WHITC' OrderID='11066' ShippedDate='1998-05-04T00:00:00'/>
	<z:row CustomerID='DRACD' OrderID='11067' ShippedDate='1998-05-06T00:00:00'/>
	<z:row CustomerID='QUEEN' OrderID='11068'/>
	<z:row CustomerID='TORTU' OrderID='11069' ShippedDate='1998-05-06T00:00:00'/>
	<z:row CustomerID='LEHMS' OrderID='11070'/>
	<z:row CustomerID='LILAS' OrderID='11071'/>
	<z:row CustomerID='ERNSH' OrderID='11072'/>
	<z:row CustomerID='PERIC' OrderID='11073'/>
	<z:row CustomerID='SIMOB' OrderID='11074'/>
	<z:row CustomerID='RICSU' OrderID='11075'/>
	<z:row CustomerID='BONAP' OrderID='11076'/>
	<z:row CustomerID='RATTC' OrderID='11077'/>
</rs:data>
</xml>